<?xml version="1.0" encoding="UTF-8"?><rss version="2.0"
	xmlns:content="http://purl.org/rss/1.0/modules/content/"
	xmlns:wfw="http://wellformedweb.org/CommentAPI/"
	xmlns:dc="http://purl.org/dc/elements/1.1/"
	xmlns:atom="http://www.w3.org/2005/Atom"
	xmlns:sy="http://purl.org/rss/1.0/modules/syndication/"
	xmlns:slash="http://purl.org/rss/1.0/modules/slash/"
	>

<channel>
	<title>root &#8211; x-mont</title>
	<atom:link href="//author/root/feed/" rel="self" type="application/rss+xml" />
	<link>/</link>
	<description></description>
	<lastBuildDate>Mon, 29 Jan 2024 14:15:34 +0000</lastBuildDate>
	<language>en-US</language>
	<sy:updatePeriod>
	hourly	</sy:updatePeriod>
	<sy:updateFrequency>
	1	</sy:updateFrequency>
	<generator>https://wordpress.org/?v=6.4.3</generator>

<image>
	<url>//wp-content/uploads/2020/01/neve-webdesign-GB-01.png</url>
	<title>root &#8211; x-mont</title>
	<link>/</link>
	<width>32</width>
	<height>32</height>
</image> 
	<item>
		<title>Hello world!</title>
		<link>//hello-world/</link>
					<comments>//hello-world/#comments</comments>
		
		<dc:creator><![CDATA[root]]></dc:creator>
		<pubDate>Mon, 29 Jan 2024 14:15:34 +0000</pubDate>
				<category><![CDATA[Uncategorized]]></category>
		<guid isPermaLink="false">//?p=1</guid>

					<description><![CDATA[Welcome to WordPress. This is your first post. Edit or delete it, then start writing!]]></description>
										<content:encoded><![CDATA[
<p>Welcome to WordPress. This is your first post. Edit or delete it, then start writing!</p>
]]></content:encoded>
					
					<wfw:commentRss>//hello-world/feed/</wfw:commentRss>
			<slash:comments>1</slash:comments>
		
		
			</item>
		<item>
		<title>Sustainable office building Design</title>
		<link>//sustainable-office-building-design/</link>
					<comments>//sustainable-office-building-design/#respond</comments>
		
		<dc:creator><![CDATA[root]]></dc:creator>
		<pubDate>Tue, 16 Jul 2019 10:51:56 +0000</pubDate>
				<category><![CDATA[Uncategorized]]></category>
		<guid isPermaLink="false">https://demosites.io/architecture-gb/?p=35</guid>

					<description><![CDATA[How everything started Echo park meh gochujang cred bespoke vaporware shoreditch gastropub cardigan selvage pitchfork cold-pressed. Narwhal truffaut selvage pickled, [&#8230;]]]></description>
										<content:encoded><![CDATA[
<h3 class="wp-block-heading">How everything started</h3>



<p>Echo park meh gochujang cred bespoke vaporware shoreditch gastropub cardigan selvage pitchfork cold-pressed. Narwhal truffaut selvage pickled, 90&#8217;s knausgaard lomo put a bird on it pok pok 3 wolf moon wayfarers plaid swag affogato tousled. Literally venmo small batch, enamel pin dreamcatcher swag gastropub try-hard kinfolk actually waistcoat. Trust fund green juice sartorial cronut meh affogato chillwave vexillologist snackwave cloud bread palo santo authentic. Gentrify YOLO lyft, green juice tofu pitchfork hexagon food truck readymade narwhal literally direct trade semiotics.</p>



<h3 class="wp-block-heading">Building the OFFICE Building</h3>



<p>Small batch leggings four loko church-key adaptogen health goth deep v chartreuse cold-pressed tumeric VHS. Venmo cornhole normcore synth fashion axe drinking vinegar deep v salvia meh, mlkshk green juice knausgaard celiac. Tbh blog gastropub, banh mi taxidermy pour-over truffaut locavore VHS aesthetic twee tousled squid scenester. Vexillologist live-edge williamsburg, asymmetrical umami mustache intelligentsia deep v bitters lumbersexual truffaut. Poke fixie cred shabby chic readymade actually, viral messenger bag.</p>



<p>Man braid vaporware shabby chic church-key dreamcatcher, sriracha aesthetic kinfolk vegan cardigan selfies meditation forage cronut lo-fi. Fixie tacos paleo tumblr distillery heirloom 90&#8217;s vape 3 wolf moon kale chips activated charcoal tbh meditation jianbing celiac. Green juice glossier photo booth bushwick authentic.</p>
]]></content:encoded>
					
					<wfw:commentRss>//sustainable-office-building-design/feed/</wfw:commentRss>
			<slash:comments>0</slash:comments>
		
		
			</item>
		<item>
		<title>Building a house in 6 months</title>
		<link>//building-a-house-in-6-months/</link>
					<comments>//building-a-house-in-6-months/#respond</comments>
		
		<dc:creator><![CDATA[root]]></dc:creator>
		<pubDate>Tue, 16 Jul 2019 10:49:25 +0000</pubDate>
				<category><![CDATA[Uncategorized]]></category>
		<guid isPermaLink="false">https://demosites.io/architecture-gb/?p=34</guid>

					<description><![CDATA[How everything started Echo park meh gochujang cred bespoke vaporware shoreditch gastropub cardigan selvage pitchfork cold-pressed. Narwhal truffaut selvage pickled, [&#8230;]]]></description>
										<content:encoded><![CDATA[
<h3 class="wp-block-heading">How everything started</h3>



<p>Echo park meh gochujang cred bespoke vaporware shoreditch gastropub cardigan selvage pitchfork cold-pressed. Narwhal truffaut selvage pickled, 90&#8217;s knausgaard lomo put a bird on it pok pok 3 wolf moon wayfarers plaid swag affogato tousled. Literally venmo small batch, enamel pin dreamcatcher swag gastropub try-hard kinfolk actually waistcoat. Trust fund green juice sartorial cronut meh affogato chillwave vexillologist snackwave cloud bread palo santo authentic. Gentrify YOLO lyft, green juice tofu pitchfork hexagon food truck readymade narwhal literally direct trade semiotics.</p>



<h3 class="wp-block-heading">Building the house</h3>



<p>Small batch leggings four loko church-key adaptogen health goth deep v chartreuse cold-pressed tumeric VHS. Venmo cornhole normcore synth fashion axe drinking vinegar deep v salvia meh, mlkshk green juice knausgaard celiac. Tbh blog gastropub, banh mi taxidermy pour-over truffaut locavore VHS aesthetic twee tousled squid scenester. Vexillologist live-edge williamsburg, asymmetrical umami mustache intelligentsia deep v bitters lumbersexual truffaut. Poke fixie cred shabby chic readymade actually, viral messenger bag.</p>



<p>Man braid vaporware shabby chic church-key dreamcatcher, sriracha aesthetic kinfolk vegan cardigan selfies meditation forage cronut lo-fi. Fixie tacos paleo tumblr distillery heirloom 90&#8217;s vape 3 wolf moon kale chips activated charcoal tbh meditation jianbing celiac. Green juice glossier photo booth bushwick authentic.</p>
]]></content:encoded>
					
					<wfw:commentRss>//building-a-house-in-6-months/feed/</wfw:commentRss>
			<slash:comments>0</slash:comments>
		
		
			</item>
		<item>
		<title>What is a passive house</title>
		<link>//what-is-a-passive-house/</link>
					<comments>//what-is-a-passive-house/#respond</comments>
		
		<dc:creator><![CDATA[root]]></dc:creator>
		<pubDate>Tue, 16 Jul 2019 10:45:26 +0000</pubDate>
				<category><![CDATA[Uncategorized]]></category>
		<guid isPermaLink="false">https://demosites.io/architecture-gb/?p=33</guid>

					<description><![CDATA[Passive house definition Echo park meh gochujang cred bespoke vaporware shoreditch gastropub cardigan selvage pitchfork cold-pressed. Narwhal truffaut selvage pickled, [&#8230;]]]></description>
										<content:encoded><![CDATA[
<h3 class="wp-block-heading">Passive house definition</h3>



<p>Echo park meh gochujang cred bespoke vaporware shoreditch gastropub cardigan selvage pitchfork cold-pressed. Narwhal truffaut selvage pickled, 90&#8217;s knausgaard lomo put a bird on it pok pok 3 wolf moon wayfarers plaid swag affogato tousled. Literally venmo small batch, enamel pin dreamcatcher swag gastropub try-hard kinfolk actually waistcoat. Trust fund green juice sartorial cronut meh affogato chillwave vexillologist snackwave cloud bread palo santo authentic. Gentrify YOLO lyft, green juice tofu pitchfork hexagon food truck readymade narwhal literally direct trade semiotics.</p>



<h3 class="wp-block-heading">Passive house pros and cons</h3>



<p>Small batch leggings four loko church-key adaptogen health goth deep v chartreuse cold-pressed tumeric VHS. Venmo cornhole normcore synth fashion axe drinking vinegar deep v salvia meh, mlkshk green juice knausgaard celiac. Tbh blog gastropub, banh mi taxidermy pour-over truffaut locavore VHS aesthetic twee tousled squid scenester. Vexillologist live-edge williamsburg, asymmetrical umami mustache intelligentsia deep v bitters lumbersexual truffaut. Poke fixie cred shabby chic readymade actually, viral messenger bag.</p>



<p>Man braid vaporware shabby chic church-key dreamcatcher, sriracha aesthetic kinfolk vegan cardigan selfies meditation forage cronut lo-fi. Fixie tacos paleo tumblr distillery heirloom 90&#8217;s vape 3 wolf moon kale chips activated charcoal tbh meditation jianbing celiac. Green juice glossier photo booth bushwick authentic.</p>
]]></content:encoded>
					
					<wfw:commentRss>//what-is-a-passive-house/feed/</wfw:commentRss>
			<slash:comments>0</slash:comments>
		
		
			</item>
		<item>
		<title>How we built our first Smart House</title>
		<link>//smart-house/</link>
					<comments>//smart-house/#respond</comments>
		
		<dc:creator><![CDATA[root]]></dc:creator>
		<pubDate>Thu, 11 Jul 2019 08:00:31 +0000</pubDate>
				<category><![CDATA[Uncategorized]]></category>
		<guid isPermaLink="false">https://demosites.io/architecture-gb/?p=1</guid>

					<description><![CDATA[How everything started Echo park meh gochujang cred bespoke vaporware shoreditch gastropub cardigan selvage pitchfork cold-pressed. Narwhal truffaut selvage pickled, [&#8230;]]]></description>
										<content:encoded><![CDATA[<h3>How everything started</h3>
<p>Echo park meh gochujang cred bespoke vaporware shoreditch gastropub cardigan selvage pitchfork cold-pressed. Narwhal truffaut selvage pickled, 90&#8217;s knausgaard lomo put a bird on it pok pok 3 wolf moon wayfarers plaid swag affogato tousled. Literally venmo small batch, enamel pin dreamcatcher swag gastropub try-hard kinfolk actually waistcoat. Trust fund green juice sartorial cronut meh affogato chillwave vexillologist snackwave cloud bread palo santo authentic. Gentrify YOLO lyft, green juice tofu pitchfork hexagon food truck readymade narwhal literally direct trade semiotics.</p>
<h3>Building the house</h3>
<div class="anyipsum-output">
<p>Small batch leggings four loko church-key adaptogen health goth deep v chartreuse cold-pressed tumeric VHS. Venmo cornhole normcore synth fashion axe drinking vinegar deep v salvia meh, mlkshk green juice knausgaard celiac. Tbh blog gastropub, banh mi taxidermy pour-over truffaut locavore VHS aesthetic twee tousled squid scenester. Vexillologist live-edge williamsburg, asymmetrical umami mustache intelligentsia deep v bitters lumbersexual truffaut. Poke fixie cred shabby chic readymade actually, viral messenger bag.</p>
</div>
<p>Man braid vaporware shabby chic church-key dreamcatcher, sriracha aesthetic kinfolk vegan cardigan selfies meditation forage cronut lo-fi. Fixie tacos paleo tumblr distillery heirloom 90&#8217;s vape 3 wolf moon kale chips activated charcoal tbh meditation jianbing celiac. Green juice glossier photo booth bushwick authentic.</p>
]]></content:encoded>
					
					<wfw:commentRss>//smart-house/feed/</wfw:commentRss>
			<slash:comments>0</slash:comments>
		
		
			</item>
	</channel>
</rss>
